<?xml version="1.0"?>
<doc>
    <assembly>
        <name>StringProcessing</name>
    </assembly>
    <members>
        <member name="T:StringProcessing.StringFunctions">
            <summary>
            Contains a collection of static string functions not found in the .NET Framework
            </summary>
        </member>
        <member name="M:StringProcessing.StringFunctions.Reverse(System.String)">
            <summary>
            Returns a string with characters in reverse order.
            </summary>
        </member>
        <member name="M:StringProcessing.StringFunctions.InsertSeparator(System.String,System.String)">
            <summary>
            Returns a string with a given seperator inserted after every character.
            </summary>
            <param name="input">The original string.</param>
            <param name="separator">The separator to insert.</param>
        </member>
        <member name="M:StringProcessing.StringFunctions.InsertSeparator(System.String,System.String,System.Int32)">
            <summary>
            Returns a string with a given seperator inserted after a specified interval of characters.
            </summary>
            <param name="input">The original string.</param>
            <param name="separator">The separator to insert.</param>
            <param name="interval">The number of characters between separators.</param>
        </member>
        <member name="M:StringProcessing.StringFunctions.RemoveVowels(System.String)">
            <summary>
            Returns a string with any vowel character removed.
            </summary>
        </member>
        <member name="M:StringProcessing.StringFunctions.KeepVowels(System.String)">
            <summary>
            Returns a string with only the vowel characters.
            </summary>
        </member>
        <member name="M:StringProcessing.StringFunctions.AlternateCases(System.String)">
            <summary>
            Returns a string with alternated letter casing (upper/lower). First character of the string stays the same.
            </summary>
        </member>
        <member name="M:StringProcessing.StringFunctions.SwapCases(System.String)">
            <summary>
            Returns a string with the opposite letter casing for each character.
            </summary>
        </member>
        <member name="M:StringProcessing.StringFunctions.Capitalize(System.String)">
            <summary>
            Capitalizes the first character in a string.
            </summary>
        </member>
        <member name="M:StringProcessing.StringFunctions.GetInitials(System.String,System.Boolean,System.Boolean,System.Boolean)">
            <summary>
            Returns the initials of each word in a string. Words must be separated with spaces.
            </summary>
            <param name="input">The original string.</param>
            <param name="capitalizeInitials">True to capitalize each initial in the output string.</param>
            <param name="preserveSpaces">True to preserver the spaces between initials in the output string.</param>
            <param name="includePeriod">True to include a '.' after each intiali</param>
        </member>
        <member name="M:StringProcessing.StringFunctions.GetInitials(System.String,System.String,System.Boolean,System.Boolean,System.Boolean)">
            <summary>
            Returns the initials of each word in a string. Words are separated according to the sepecified string sequence.
            </summary>
            <param name="input">The original string.</param>
            <param name="separator">The string sequence that separates words.</param>
            <param name="capitalizeInitials">True to capitalize each initial in the output string.</param>
            <param name="preserveSeparator">True to preserver the spaces between initials in the output string.</param>
        </member>
        <member name="M:StringProcessing.StringFunctions.GetTitle(System.String)">
            <summary>
            Returns a string with each word's first character capitalized. Words must be separated by spaces.
            </summary>
        </member>
        <member name="M:StringProcessing.StringFunctions.GetTitle(System.String,System.String)">
            <summary>
            Returns a string with each word's first character capitalized. Words are separated according to the sepecified string sequence.
            </summary>
            <param name="input">The original string.</param>
            <param name="separator">The string sequence that separates words.</param>
        </member>
        <member name="M:StringProcessing.StringFunctions.SubstringEnd(System.String,System.Int32,System.Int32)">
            <summary>
            Returns a segment of a string, marked by the start and end index (exclusive).
            </summary>
            <param name="input">The original string.</param>
            <param name="start">The start index position.</param>
            <param name="end">The end index position. (exclusive)</param>
        </member>
        <member name="M:StringProcessing.StringFunctions.CharRight(System.String,System.Int32)">
            <summary>
            Returns the character in a string at a given index counting from the right.
            </summary>
            <param name="input">The original string.</param>
            <param name="index">The starting position from the right. (Index 0 = last character)</param>
        </member>
        <member name="M:StringProcessing.StringFunctions.CharMid(System.String,System.Int32,System.Int32)">
            <summary>
            Returns the character at a position given by the startingIndex plus the given count.
            </summary>
            <param name="input">The original string.</param>
            <param name="startingIndex">The starting index position.</param>
            <param name="countIndex">The number of characters to count from the starting position.</param>
            <returns></returns>
        </member>
        <member name="M:StringProcessing.StringFunctions.CountString(System.String,System.String,System.Boolean)">
            <summary>
            Returns the total number of times a given sequence appears in a string.
            </summary>
            <param name="input">The original string.</param>
            <param name="sequence">The string sequence to count.</param>
            <param name="ignoreCase">True, to ignore the difference in case between the sequence and the original string.</param>
        </member>
        <member name="M:StringProcessing.StringFunctions.IndexOfAll(System.String,System.String,System.Boolean)">
            <summary>
            Returns an array of every index where a sequence is found on the specified string. Note: Overlaps will be counted.
            </summary>
            <param name="input">The original string.</param>
            <param name="sequence">The string sequence to seek.</param>
            <param name="ignoreCase">True, to ignore the difference in case between the sequence and the original string.</param>
        </member>
        <member name="M:StringProcessing.StringFunctions.IndexOfAll(System.String,System.String,System.Int32,System.Boolean)">
            <summary>
            Returns an array of every index where a sequence is found on the specified string. Note: Overlaps will be counted.
            </summary>
            <param name="input">The original string.</param>
            <param name="sequence">The string sequence to seek.</param>
            <param name="startIndex">Index from which to start seeking.</param>
            <param name="ignoreCase">True, to ignore the difference in case between the sequence and the original string.</param>
        </member>
        <member name="M:StringProcessing.StringFunctions.IsAlternateCases(System.String)">
            <summary>
            Returns whether the letter casing in a string is alternating.
            </summary>
        </member>
        <member name="M:StringProcessing.StringFunctions.IsCapitalized(System.String)">
            <summary>
            Returns true if the first character in a string is upper case.
            </summary>
        </member>
        <member name="M:StringProcessing.StringFunctions.IsLowerCase(System.String)">
            <summary>
            Returns whether a string is in all lower case.
            </summary>
        </member>
        <member name="M:StringProcessing.StringFunctions.IsUpperCase(System.String)">
            <summary>
            Returns whether a string is in all upper case.
            </summary>
        </member>
        <member name="M:StringProcessing.StringFunctions.HasVowels(System.String)">
            <summary>
            Returns whether a string contains any vowel letters
            </summary>
        </member>
        <member name="M:StringProcessing.StringFunctions.IsSpaces(System.String)">
            <summary>
            Returns whether a string is all empty spaces
            </summary>
        </member>
        <member name="M:StringProcessing.StringFunctions.IsRepeatedChar(System.String)">
            <summary>
            Returns whether a string is composed of only a single character.
            </summary>
        </member>
        <member name="M:StringProcessing.StringFunctions.IsNumeric(System.String)">
            <summary>
            Returns whether a string is composed of only numeric characters.
            </summary>
        </member>
        <member name="M:StringProcessing.StringFunctions.HasNumeric(System.String)">
            <summary>
            Returns whether a string contains any numberic characters.
            </summary>
        </member>
        <member name="M:StringProcessing.StringFunctions.IsAlphaNumeric(System.String)">
            <summary>
            Returns whether a string is composed of only letter and number characters.
            </summary>
        </member>
        <member name="M:StringProcessing.StringFunctions.IsLetters(System.String)">
            <summary>
            Returns whether a string is composed of all letter characters.
            </summary>
        </member>
        <member name="M:StringProcessing.StringFunctions.IsTitle(System.String)">
            <summary>
            Returns whether a string is formatted like a title, ie the first chracter of each word is capitalized. 
            Words must be separated by spaces.
            </summary>
        </member>
        <member name="M:StringProcessing.StringFunctions.IsTitle(System.String,System.String)">
            <summary>
            Returns whether a string is formatted like a title, ie the first chracter of each word is capitalized. 
            Words are separated according to the sepecified string sequence.
            </summary>
            <param name="input">The original string.</param>
            <param name="separator">The string sequence that separates words.</param>
        </member>
        <member name="M:StringProcessing.StringFunctions.IsEmailAddress(System.String)">
            <summary>
            Returns whether a string is in a valid email address format.
            </summary>
        </member>
        <member name="T:StringProcessing.StringFunctions.StringProcessing">
            <summary>
            String processing functions that use the primitive data type string. Effective for small-to-medium strings.
            </summary>
        </member>
        <member name="M:StringProcessing.StringFunctions.StringProcessing.ArrayToString(System.Collections.IList)">
            <summary>
            Returns a string representation of an array. Each element is written on a new line.
            </summary>
        </member>
        <member name="M:StringProcessing.StringFunctions.StringProcessing.ArrayToString(System.Collections.IList,System.String)">
            <summary>
            Returns a string representation of an array. Each element is separated by the specified string.
            </summary>
            <param name="array">The collection of objects.</param>
            <param name="separator">The string sequence to separate each element in the collection</param>
            <returns></returns>
        </member>
        <member name="T:StringProcessing.StringFunctions.StringBuilderProcessing">
            <summary>
            String processing functions that use the the StringBuilder class. Effective for large strings.
            </summary>
        </member>
        <member name="M:StringProcessing.StringFunctions.StringBuilderProcessing.ArrayToString(System.Collections.IList)">
            <summary>
            Returns a string representation of an array. Each element is written on a new line.
            </summary>
        </member>
        <member name="M:StringProcessing.StringFunctions.StringBuilderProcessing.ArrayToString(System.Collections.IList,System.String)">
            <summary>
            Returns a string representation of an array. Each element is separated by the specified string.
            </summary>
            <param name="array">The collection of objects.</param>
            <param name="separator">The string sequence to separate each element in the collection</param>
            <returns></returns>
        </member>
    </members>
</doc>
